{
  "generation_rates": [
    [
      -0.0,
      2.000609660616991,
      0.0,
      0.0,
      2.000609660616991
    ],
    [
      2.000609660616991,
      -0.0,
      -0.0,
      0.0,
      0.0
    ],
    [
      0.0,
      0.0,
      -0.0,
      3.607278927294994,
      0.0
    ],
    [
      0.0,
      0.0,
      3.607278927294994,
      -0.0,
      3.607278927294994
    ],
    [
      2.000609660616991,
      0.0,
      0.0,
      3.607278927294994,
      -0.0
    ]
  ],
  "consumption_rates": [
    [
      0.0,
      0.0,
      0.0,
      0.0,
      0.0
    ],
    [
      0.0,
      0.0,
      0.0,
      0.0,
      2.000609660616991
    ],
    [
      0.0,
      0.0,
      0.0,
      0.0,
      3.607278927294994
    ],
    [
      0.0,
      0.0,
      0.0,
      0.0,
      0.0
    ],
    [
      0.0,
      2.000609660616991,
      3.607278927294994,
      0.0,
      0.0
    ]
  ],
  "swap_rates": [
    2.000609660616991,
    0.0,
    0.0,
    3.607278927294994,
    0.0
  ]
}