{
  "generation_rates": [
    [
      -0.0,
      2.609242321625471,
      0.0,
      0.0,
      0.0,
      0.0,
      0.0,
      6.710675676073911
    ],
    [
      2.609242321625471,
      -0.0,
      7.363880449077839,
      0.0,
      0.0,
      0.0,
      0.0,
      0.0
    ],
    [
      0.0,
      7.363880449077839,
      -0.0,
      1.689465015592776,
      0.0,
      0.0,
      0.0,
      0.0
    ],
    [
      0.0,
      0.0,
      1.689465015592776,
      -0.0,
      -0.0,
      0.0,
      0.0,
      0.0
    ],
    [
      0.0,
      0.0,
      0.0,
      -0.0,
      -0.0,
      -0.0,
      0.0,
      0.0
    ],
    [
      0.0,
      0.0,
      0.0,
      0.0,
      -0.0,
      -0.0,
      2.5486919151673284,
      0.0
    ],
    [
      0.0,
      0.0,
      0.0,
      0.0,
      0.0,
      2.5486919151673284,
      -0.0,
      6.710675676073911
    ],
    [
      6.710675676073911,
      0.0,
      0.0,
      0.0,
      0.0,
      0.0,
      6.710675676073911,
      -0.0
    ]
  ],
  "consumption_rates": [
    [
      0.0,
      0.0,
      0.0,
      0.0,
      0.0,
      0.7486751753094205,
      3.352758179139019,
      0.0
    ],
    [
      0.0,
      0.0,
      3.0651731118595915,
      1.689465015592776,
      0.0,
      0.0,
      0.0,
      0.0
    ],
    [
      0.0,
      3.0651731118595915,
      0.0,
      0.0,
      0.0,
      0.0,
      2.609242321625471,
      0.0
    ],
    [
      0.0,
      1.689465015592776,
      0.0,
      0.0,
      0.0,
      0.0,
      0.0,
      0.0
    ],
    [
      0.0,
      0.0,
      0.0,
      0.0,
      0.0,
      0.0,
      0.0,
      0.0
    ],
    [
      0.7486751753094205,
      0.0,
      0.0,
      0.0,
      0.0,
      0.0,
      1.800016739857908,
      0.0
    ],
    [
      3.352758179139019,
      0.0,
      2.609242321625471,
      0.0,
      0.0,
      1.800016739857908,
      0.0,
      0.0
    ],
    [
      0.0,
      0.0,
      0.0,
      0.0,
      0.0,
      0.0,
      0.0,
      0.0
    ]
  ],
  "swap_rates": [
    2.609242321625471,
    2.609242321625471,
    1.689465015592776,
    0.0,
    0.0,
    0.0,
    0.7486751753094205,
    6.710675676073911
  ]
}