{
  "generation_rates": [
    [
      -0.0,
      3.0878850686947334,
      0.0,
      0.0,
      0.0,
      3.0878850686947334
    ],
    [
      3.0878850686947334,
      -0.0,
      3.962886198670465,
      0.0,
      0.0,
      0.0
    ],
    [
      0.0,
      3.962886198670465,
      -0.0,
      1.3414088395552888,
      0.0,
      0.0
    ],
    [
      0.0,
      0.0,
      1.3414088395552888,
      -0.0,
      1.3414088395552888,
      0.0
    ],
    [
      0.0,
      0.0,
      0.0,
      1.3414088395552888,
      -0.0,
      10.0
    ],
    [
      3.0878850686947334,
      0.0,
      0.0,
      0.0,
      10.0,
      -0.0
    ]
  ],
  "consumption_rates": [
    [
      0.0,
      0.0,
      0.0,
      0.0,
      0.0,
      0.0
    ],
    [
      0.0,
      0.0,
      2.6214773591151763,
      0.0,
      4.429293908250022,
      0.0
    ],
    [
      0.0,
      2.6214773591151763,
      0.0,
      0.0,
      0.0,
      0.0
    ],
    [
      0.0,
      0.0,
      0.0,
      0.0,
      0.0,
      0.0
    ],
    [
      0.0,
      4.429293908250022,
      0.0,
      0.0,
      0.0,
      6.9121149313052666
    ],
    [
      0.0,
      0.0,
      0.0,
      0.0,
      6.9121149313052666,
      0.0
    ]
  ],
  "swap_rates": [
    3.0878850686947334,
    0.0,
    1.3414088395552888,
    1.3414088395552888,
    0.0,
    3.0878850686947334
  ]
}